username,seguidores,alcance_min,alcance_max,status
eusoupedro_henrique,,,,erro: JSON Query to graphql/query: 403 Forbidden when accessing https://www.instagram.com/graphql/query?variables=%7B%22hasQuery%22%3Atrue%2C%22query%22%3A%22eusoupedro_henrique%22%7D&doc_id=26347858941511777&server_timestamps=true
arantesdanielly,,,,erro: JSON Query to graphql/query: 403 Forbidden when accessing https://www.instagram.com/graphql/query?variables=%7B%22hasQuery%22%3Atrue%2C%22query%22%3A%22arantesdanielly%22%7D&doc_id=26347858941511777&server_timestamps=true
dranayaracastro,,,,erro: JSON Query to graphql/query: 403 Forbidden when accessing https://www.instagram.com/graphql/query?variables=%7B%22hasQuery%22%3Atrue%2C%22query%22%3A%22dranayaracastro%22%7D&doc_id=26347858941511777&server_timestamps=true
dayanealho,,,,erro: JSON Query to graphql/query: 403 Forbidden when accessing https://www.instagram.com/graphql/query?variables=%7B%22hasQuery%22%3Atrue%2C%22query%22%3A%22dayanealho%22%7D&doc_id=26347858941511777&server_timestamps=true
recameneses,,,,erro: JSON Query to graphql/query: 403 Forbidden when accessing https://www.instagram.com/graphql/query?variables=%7B%22hasQuery%22%3Atrue%2C%22query%22%3A%22recameneses%22%7D&doc_id=26347858941511777&server_timestamps=true
virginiasuassuna,,,,erro: JSON Query to graphql/query: 403 Forbidden when accessing https://www.instagram.com/graphql/query?variables=%7B%22hasQuery%22%3Atrue%2C%22query%22%3A%22virginiasuassuna%22%7D&doc_id=26347858941511777&server_timestamps=true
tiapriodonto,,,,erro: JSON Query to graphql/query: 403 Forbidden when accessing https://www.instagram.com/graphql/query?variables=%7B%22hasQuery%22%3Atrue%2C%22query%22%3A%22tiapriodonto%22%7D&doc_id=26347858941511777&server_timestamps=true
camipiresveg,,,,erro: JSON Query to graphql/query: 403 Forbidden when accessing https://www.instagram.com/graphql/query?variables=%7B%22hasQuery%22%3Atrue%2C%22query%22%3A%22camipiresveg%22%7D&doc_id=26347858941511777&server_timestamps=true
reginabritomanicure,,,,erro: JSON Query to graphql/query: 403 Forbidden when accessing https://www.instagram.com/graphql/query?variables=%7B%22hasQuery%22%3Atrue%2C%22query%22%3A%22reginabritomanicure%22%7D&doc_id=26347858941511777&server_timestamps=true
dicasdealine_,,,,erro: JSON Query to graphql/query: 403 Forbidden when accessing https://www.instagram.com/graphql/query?variables=%7B%22hasQuery%22%3Atrue%2C%22query%22%3A%22dicasdealine_%22%7D&doc_id=26347858941511777&server_timestamps=true
dercileneebm,,,,erro: JSON Query to graphql/query: 403 Forbidden when accessing https://www.instagram.com/graphql/query?variables=%7B%22hasQuery%22%3Atrue%2C%22query%22%3A%22dercileneebm%22%7D&doc_id=26347858941511777&server_timestamps=true
daysousapersonal,,,,erro: JSON Query to graphql/query: 403 Forbidden when accessing https://www.instagram.com/graphql/query?variables=%7B%22hasQuery%22%3Atrue%2C%22query%22%3A%22daysousapersonal%22%7D&doc_id=26347858941511777&server_timestamps=true
marcosplinsken,,,,erro: JSON Query to graphql/query: 403 Forbidden when accessing https://www.instagram.com/graphql/query?variables=%7B%22hasQuery%22%3Atrue%2C%22query%22%3A%22marcosplinsken%22%7D&doc_id=26347858941511777&server_timestamps=true
nannysaraiva,,,,erro: JSON Query to graphql/query: 403 Forbidden when accessing https://www.instagram.com/graphql/query?variables=%7B%22hasQuery%22%3Atrue%2C%22query%22%3A%22nannysaraiva%22%7D&doc_id=26347858941511777&server_timestamps=true
gabriellem.personall,,,,erro: JSON Query to graphql/query: 403 Forbidden when accessing https://www.instagram.com/graphql/query?variables=%7B%22hasQuery%22%3Atrue%2C%22query%22%3A%22gabriellem.personall%22%7D&doc_id=26347858941511777&server_timestamps=true
annekarolynesena,,,,erro: JSON Query to graphql/query: 403 Forbidden when accessing https://www.instagram.com/graphql/query?variables=%7B%22hasQuery%22%3Atrue%2C%22query%22%3A%22annekarolynesena%22%7D&doc_id=26347858941511777&server_timestamps=true
ma.duli,,,,erro: JSON Query to graphql/query: 403 Forbidden when accessing https://www.instagram.com/graphql/query?variables=%7B%22hasQuery%22%3Atrue%2C%22query%22%3A%22ma.duli%22%7D&doc_id=26347858941511777&server_timestamps=true
dopaminasrun,,,,erro: JSON Query to graphql/query: 403 Forbidden when accessing https://www.instagram.com/graphql/query?variables=%7B%22hasQuery%22%3Atrue%2C%22query%22%3A%22dopaminasrun%22%7D&doc_id=26347858941511777&server_timestamps=true
brunaalvesnutri,,,,erro: JSON Query to graphql/query: 403 Forbidden when accessing https://www.instagram.com/graphql/query?variables=%7B%22hasQuery%22%3Atrue%2C%22query%22%3A%22brunaalvesnutri%22%7D&doc_id=26347858941511777&server_timestamps=true
vivianemelo_oo,,,,erro: JSON Query to graphql/query: 403 Forbidden when accessing https://www.instagram.com/graphql/query?variables=%7B%22hasQuery%22%3Atrue%2C%22query%22%3A%22vivianemelo_oo%22%7D&doc_id=26347858941511777&server_timestamps=true
taticintra98,,,,erro: JSON Query to graphql/query: 403 Forbidden when accessing https://www.instagram.com/graphql/query?variables=%7B%22hasQuery%22%3Atrue%2C%22query%22%3A%22taticintra98%22%7D&doc_id=26347858941511777&server_timestamps=true
alinesantosnut,,,,erro: JSON Query to graphql/query: 403 Forbidden when accessing https://www.instagram.com/graphql/query?variables=%7B%22hasQuery%22%3Atrue%2C%22query%22%3A%22alinesantosnut%22%7D&doc_id=26347858941511777&server_timestamps=true
acatiamaria,,,,erro: JSON Query to graphql/query: 403 Forbidden when accessing https://www.instagram.com/graphql/query?variables=%7B%22hasQuery%22%3Atrue%2C%22query%22%3A%22acatiamaria%22%7D&doc_id=26347858941511777&server_timestamps=true
thainemarot,,,,erro: JSON Query to graphql/query: 403 Forbidden when accessing https://www.instagram.com/graphql/query?variables=%7B%22hasQuery%22%3Atrue%2C%22query%22%3A%22thainemarot%22%7D&doc_id=26347858941511777&server_timestamps=true
receitasdoyan,,,,erro: JSON Query to graphql/query: 403 Forbidden when accessing https://www.instagram.com/graphql/query?variables=%7B%22hasQuery%22%3Atrue%2C%22query%22%3A%22receitasdoyan%22%7D&doc_id=26347858941511777&server_timestamps=true
leilianealvesdealmeida,,,,erro: JSON Query to graphql/query: 403 Forbidden when accessing https://www.instagram.com/graphql/query?variables=%7B%22hasQuery%22%3Atrue%2C%22query%22%3A%22leilianealvesdealmeida%22%7D&doc_id=26347858941511777&server_timestamps=true
tatianagarciabeautyacademy,,,,erro: JSON Query to graphql/query: 403 Forbidden when accessing https://www.instagram.com/graphql/query?variables=%7B%22hasQuery%22%3Atrue%2C%22query%22%3A%22tatianagarciabeautyacademy%22%7D&doc_id=26347858941511777&server_timestamps=true
turibeiro,,,,erro: JSON Query to graphql/query: 403 Forbidden when accessing https://www.instagram.com/graphql/query?variables=%7B%22hasQuery%22%3Atrue%2C%22query%22%3A%22turibeiro%22%7D&doc_id=26347858941511777&server_timestamps=true
correndocomraika,,,,erro: JSON Query to graphql/query: 403 Forbidden when accessing https://www.instagram.com/graphql/query?variables=%7B%22hasQuery%22%3Atrue%2C%22query%22%3A%22correndocomraika%22%7D&doc_id=26347858941511777&server_timestamps=true
mayracamelo,,,,erro: JSON Query to graphql/query: 403 Forbidden when accessing https://www.instagram.com/graphql/query?variables=%7B%22hasQuery%22%3Atrue%2C%22query%22%3A%22mayracamelo%22%7D&doc_id=26347858941511777&server_timestamps=true
camillaartiagavet,,,,erro: JSON Query to graphql/query: 403 Forbidden when accessing https://www.instagram.com/graphql/query?variables=%7B%22hasQuery%22%3Atrue%2C%22query%22%3A%22camillaartiagavet%22%7D&doc_id=26347858941511777&server_timestamps=true
val.acarvalho,,,,erro: JSON Query to graphql/query: 403 Forbidden when accessing https://www.instagram.com/graphql/query?variables=%7B%22hasQuery%22%3Atrue%2C%22query%22%3A%22val.acarvalho%22%7D&doc_id=26347858941511777&server_timestamps=true
elianemartins7,,,,erro: JSON Query to graphql/query: 403 Forbidden when accessing https://www.instagram.com/graphql/query?variables=%7B%22hasQuery%22%3Atrue%2C%22query%22%3A%22elianemartins7%22%7D&doc_id=26347858941511777&server_timestamps=true
julianarhv,,,,erro: JSON Query to graphql/query: 403 Forbidden when accessing https://www.instagram.com/graphql/query?variables=%7B%22hasQuery%22%3Atrue%2C%22query%22%3A%22julianarhv%22%7D&doc_id=26347858941511777&server_timestamps=true
eduardo.alves94,,,,erro: JSON Query to graphql/query: 403 Forbidden when accessing https://www.instagram.com/graphql/query?variables=%7B%22hasQuery%22%3Atrue%2C%22query%22%3A%22eduardo.alves94%22%7D&doc_id=26347858941511777&server_timestamps=true
smarilurdes,,,,erro: JSON Query to graphql/query: 403 Forbidden when accessing https://www.instagram.com/graphql/query?variables=%7B%22hasQuery%22%3Atrue%2C%22query%22%3A%22smarilurdes%22%7D&doc_id=26347858941511777&server_timestamps=true
vitoria_585,,,,erro: JSON Query to graphql/query: 403 Forbidden when accessing https://www.instagram.com/graphql/query?variables=%7B%22hasQuery%22%3Atrue%2C%22query%22%3A%22vitoria_585%22%7D&doc_id=26347858941511777&server_timestamps=true
_geovanna29,,,,erro: JSON Query to graphql/query: 403 Forbidden when accessing https://www.instagram.com/graphql/query?variables=%7B%22hasQuery%22%3Atrue%2C%22query%22%3A%22_geovanna29%22%7D&doc_id=26347858941511777&server_timestamps=true
camilacdferreira,,,,erro: JSON Query to graphql/query: 403 Forbidden when accessing https://www.instagram.com/graphql/query?variables=%7B%22hasQuery%22%3Atrue%2C%22query%22%3A%22camilacdferreira%22%7D&doc_id=26347858941511777&server_timestamps=true
anapaulasouzatributario,,,,erro: JSON Query to graphql/query: 403 Forbidden when accessing https://www.instagram.com/graphql/query?variables=%7B%22hasQuery%22%3Atrue%2C%22query%22%3A%22anapaulasouzatributario%22%7D&doc_id=26347858941511777&server_timestamps=true
wandersontimao10,,,,erro: JSON Query to graphql/query: 403 Forbidden when accessing https://www.instagram.com/graphql/query?variables=%7B%22hasQuery%22%3Atrue%2C%22query%22%3A%22wandersontimao10%22%7D&doc_id=26347858941511777&server_timestamps=true
melfranco2019,,,,erro: JSON Query to graphql/query: 403 Forbidden when accessing https://www.instagram.com/graphql/query?variables=%7B%22hasQuery%22%3Atrue%2C%22query%22%3A%22melfranco2019%22%7D&doc_id=26347858941511777&server_timestamps=true
waleriabertolucci,,,,erro: JSON Query to graphql/query: 403 Forbidden when accessing https://www.instagram.com/graphql/query?variables=%7B%22hasQuery%22%3Atrue%2C%22query%22%3A%22waleriabertolucci%22%7D&doc_id=26347858941511777&server_timestamps=true
letyciaaa.gomes,,,,erro: JSON Query to graphql/query: 403 Forbidden when accessing https://www.instagram.com/graphql/query?variables=%7B%22hasQuery%22%3Atrue%2C%22query%22%3A%22letyciaaa.gomes%22%7D&doc_id=26347858941511777&server_timestamps=true
danuzasou,,,,erro: JSON Query to graphql/query: 403 Forbidden when accessing https://www.instagram.com/graphql/query?variables=%7B%22hasQuery%22%3Atrue%2C%22query%22%3A%22danuzasou%22%7D&doc_id=26347858941511777&server_timestamps=true
